Артикул;Предмет;Баркод
21300;Ремешки для умных часов;7432141550553
2700127001;Термометры электронные;7432141550835
19700;Ремешки для умных часов;7432141550579
20913;Ремешки для умных часов;7432141550731
20005;Ремешки для умных часов;7432141550613
20616;Чехлы для телефонов;7432141550827
20012;Ремешки для умных часов;7432141550627
20300;Ремешки для умных часов;7432141550645
21400;Ремешки для умных часов;7432141550647
27610;Воскоплавы;7432141550849
19701;Ремешки для умных часов;7432141550581
20011;Ремешки для умных часов;7432141550625
20602;Чехлы для телефонов;7432141550671
20603;Чехлы для телефонов;7432141550673
20600;Чехлы для телефонов;7432141550667
20910;Ремешки для умных часов;7432141550725
20201;Инструменты для чистки лица;7432141550643
20404;Приборы для очищения кожи;7432141550663
22901;Чехлы для ноутбуков;7432141550773
21503;Ремешки для умных часов;7432141550609
20612;Чехлы для телефонов;7432141550751
19502;Ремешки для умных часов;7432141550539
22300;Чехлы для ноутбуков;7432141550741
20718;Защитные стекла;7432141550831
19507;Ремешки для умных часов;7432141550549
20713;Защитные стекла;7432141550815
19501;Ремешки для умных часов;7432141550537
21504;Ремешки для умных часов;7432141550611
27800;Ступки;7432141550857
18351;Чехлы для наушников;7432141550567
21304;Ремешки для умных часов;7432141550561
20008;Ремешки для умных часов;7432141550619
25000;Чехлы для планшетов;7432141550783
19702;Ремешки для умных часов;7432141550583
20911;Ремешки для умных часов;7432141550727
29401;Стульчики для кормления;7432141550899
20717;Защитные стекла;7432141550829
21601;Ремешки для умных часов;7432141550587
24000;Чехлы для планшетов;7432141550779
19504;Ремешки для умных часов;7432141550543
20908;Ремешки для умных часов;7432141550721
21202;Чехлы для ноутбуков;7432141550531
23200;Косметические аппараты;7432141550761
18350;Чехлы для наушников;7432141550565
20010;Ремешки для умных часов;7432141550623
28101;Безмены;7432141550863
20100;Косметические аппараты;8112389884815
20615;Чехлы для телефонов;7432141550825
20716;Защитные стекла;7432141550821
20610;Чехлы для телефонов;7432141550747
19505;Ремешки для умных часов;7432141550545
20907;Ремешки для умных часов;7432141550719
21203;Чехлы для ноутбуков;7432141550533
20303;Ремешки для умных часов;7432141550651
19508;Ремешки для умных часов;7432141550551
18702;Зарядные устройства;7432141550513
20912;Ремешки для умных часов;7432141550729
20906;Ремешки для умных часов;7432141550717
19503;Ремешки для умных часов;7432141550541
21500;Ремешки для умных часов;7432141550603
19500;Ремешки для умных часов;7432141550535
21703;Ремешки для умных часов;7432141550711
21302;Ремешки для умных часов;7432141550557
21700;Ремешки для умных часов;7432141550705
20701;Защитные стекла;7432141550685
21201;Чехлы для ноутбуков;7432141550529
16802;Чехлы для планшетов;7432141949925
22100;Чехлы для ноутбуков;7432141550737
20904;Ремешки для умных часов;7432141550713
24001;Чехлы для планшетов;7432141550781
20013;Ремешки для умных часов;7432141550629
21305;Ремешки для умных часов;7432141550563
27500;Обручи;7432141550843
20700;Защитные стекла;7432141550683
21600;Ремешки для умных часов;7432141550585
29900;Термокружки;7432141550917
25001;Чехлы для планшетов;7432141550785
21701;Ремешки для умных часов;7432141550707
18353;Чехлы для наушников;7432141550571
20715;Защитные стекла;7432141550819
23000;Чехлы для планшетов;7432141550775
23001;Чехлы для планшетов;7432141550777
21401;Ремешки для умных часов;7432141550653
21702;Ремешки для умных часов;7432141550709
22200;Чехлы для ноутбуков;7432141550739
22900;Чехлы для ноутбуков;7432141550771
29901;Термокружки;7432141550919
21502;Ремешки для умных часов;7432141550607
28301;Воскоплавы;7432141550865
20009;Ремешки для умных часов;7432141550621
18355;Чехлы для наушников;7432141550575
22000;Ленты чековые;7432141550735
20905;Ремешки для умных часов;7432141550715
18352;Чехлы для наушников;7432141550569
21301;Ремешки для умных часов;7432141550555
20613;Чехлы для телефонов;7432141550753
20702;Защитные стекла;7432141550687
20914;Ремешки для умных часов;7432141550733
20601;Чехлы для телефонов;7432141550669
20611;Чехлы для телефонов;7432141550749
20712;Защитные стекла;7432141550813
16804;Чехлы для планшетов;7432141550639
20400;Приборы для очищения кожи;7432141550655
21303;Ремешки для умных часов;7432141550559
18102;Защитные стекла;7432141550590
20604;Чехлы для телефонов;7432141550675
18309;Чехлы для наушников;7432141050065
18903;Магнитные держатели;7432141949987
20709;Защитные стекла;7432141550701
20609;Чехлы для телефонов;7432141550745
с20502;Массажеры электрические;8112389834753
22800;Чехлы для ноутбуков;7432141550767
18354;Чехлы для наушников;7432141550573
19903;Мезороллеры;7432141550803
29201;Подушки для путешествий;7432141550895
18202;Защитные стекла;7432141550596
27900;Прессы для сока;7432141550859
20401;Приборы для очищения кожи;7432141550657
22801;Чехлы для ноутбуков;7432141550769
28600;Ролики массажные;7432141550871
19800;Спонжи;7432141550589
19802;Спонжи;7432141550593
20705;Защитные стекла;7432141550686
19506;Ремешки для умных часов;7432141550547
21501;Ремешки для умных часов;7432141550605
18703;Зарядные устройства;7432141550511
20704;Защитные стекла;7432141550691
26001;Чехлы для наушников;7432141550789
28000;Маски косметические;7432141550861
19904;Мезороллеры;7432141550805
16803;Чехлы для планшетов;7432141949932
29100;Щетки косметические;7432141550889
18701;Зарядные устройства;7432141949949
20711;Защитные стекла;7432141550811
28800;Ролики для пресса;7432141550879
20800;Чай;7432141550703
20708;Защитные стекла;7432141550699
20403;Щетки косметические;7432141550661
20606;Чехлы для телефонов;7432141550679
20909;Ремешки для умных часов;7432141550723
30501;Чехлы для наушников;7432141550951
29601;Пакеты для вакууматора;7432141550903
26005;Чехлы для наушников;7432141550797
20302;Ремешки для умных часов;7432141550649
29800;Ланч-боксы;7432141550913
20605;Чехлы для телефонов;7432141550677
30502;Чехлы для наушников;7432141550953
28801;Ролики для пресса;7432141550881
18304;Чехлы для наушников;7432141649658
30505;Чехлы для наушников;7432141550959
29202;Подушки для путешествий;7432141550893
18902;Магнитные держатели;7432141949970
21402;Ремешки для умных часов;7432141550807
20703;Защитные стекла;7432141550684
20006;Ремешки для умных часов;7432141550615
20607;Чехлы для телефонов;7432141550681
29602;Пакеты для вакууматора;7432141550905
18305;Чехлы для наушников;7432141649665
28700;Соковыжималки механические;7432141550877
20714;Защитные стекла;7432141550817
30507;Чехлы для наушников;7432141550963
30406;Чехлы для наушников;7432141550945
28901;Массажеры косметические;7432141550885
20614;Чехлы для телефонов;7432141550823
20706;Защитные стекла;7432141550695
20608;Чехлы для телефонов;7432141550743
20500;Подушки автомобильные;7432141550665
22400;Палочки для маникюра;7432141550757
20710;Защитные стекла;7432141550809
19900;Мезороллеры;7432141550597
26006;Чехлы для наушников;7432141550799
18905;Магнитные держатели;7432141050003
30405;Чехлы для наушников;7432141550943
20501;Массажеры электрические;7432141550845
30407;Чехлы для наушников;7432141550947
18307;Чехлы для наушников;7432141649689
18906;Магнитные держатели;7432141050010
30500;Чехлы для наушников;7432141550949
22500;Массажеры электрические;7432141550759
19403;Чехлы для ноутбуков;7432141550525
30504;Чехлы для наушников;7432141550957
27601;Воскоплавы;7432141550847
30400;Чехлы для наушников;7432141550933
26000;Чехлы для наушников;7432141550787
16801;Чехлы для планшетов;7432141949918
26002;Чехлы для наушников;7432141550791
19402;Чехлы для ноутбуков;7432141550523
19600;Эспандеры;7432141550577
29801;Ланч-боксы;7432141550915
30404;Чехлы для наушников;7432141550941
28500;Шаблоны для моделирования ногтей;7432141550869
19902;Мезороллеры;7432141550601
30401;Чехлы для наушников;7432141550935
19801;Спонжи;7432141550591
18904;Магнитные держатели;7432141949994
19300;Инструменты для чистки лица;7432141550517
20200;Инструменты для чистки лица;7432141550641
26003;Чехлы для наушников;7432141550793
20707;Защитные стекла;7432141550697
29101;Щетки косметические;7432141550891
19400;Чехлы для ноутбуков;7432141550519
28900;Массажеры косметические;7432141550883
26004;Чехлы для наушников;7432141550795
26007;Чехлы для наушников;7432141550801
20719;Защитные стекла;7432141550833
29001;Лампы для сушки ногтей;7432141550887
18801;Переходники;7432141949956
30503;Чехлы для наушников;7432141550955
19401;Чехлы для ноутбуков;7432141550521
28601;Ролики массажные;7432141550873
27701;Подушки балансировочные;7432141550851
29603;Пакеты для вакууматора;7432141550901
19803;Спонжи;7432141550595
18308;Чехлы для наушников;7432141050058
18306;Чехлы для наушников;7432141649672
19901;Мезороллеры;7432141550599
18901;Магнитные держатели;7432141949963
18301;Чехлы для наушников;7432141649603
28400;Терки для ног;7432141550867
28610;Массажеры механические;7432141550875
30402;Чехлы для наушников;7432141550937
30506;Чехлы для наушников;7432141550961
21200;Чехлы для ноутбуков;7432141550527
20402;Щетки косметические;7432141550659
30403;Чехлы для наушников;7432141550939
30000;Ланч-боксы;7432141550921
29703;Вакуумные пакеты;7432141550907
29702;Вакуумные пакеты;7432141550911
22700;Зубные щетки;7432141550763
22701;Зубные щетки;7432141550765
29701;Вакуумные пакеты;7432141550909
30101;Помпы для воды;7432141550923
19200;Маски для сна;7432141550503
19202;Маски для сна;7432141550507
19203;Маски для сна;7432141550509
19201;Маски для сна;7432141550505
30202;Масла;7432141550929
2700427004;Термометры электронные;7432141550838
30600;Магнитные держатели;7432141550965
20622;Чехлы для телефонов;7432141550993
A6601;Наборы кухонных принадлежностей;7432141556185
A6701;Бутылки;7432141556188
20720;Защитные стекла;7432141550971
20618;Чехлы для телефонов;7432141550985
A700202;Овощерезки ручные;7432141556203
16001;Антисептики кожные;4627180760195
27002;Термометры электронные;8112389054199
16000;Антисептики кожные;4627180760348
27501;Обручи;7432141550848
20724;Защитные стекла;7432141550979
20725;Защитные стекла;7432141550981
20505;Массажеры электрические;7432141550846
A1201;Формы для льда;7432141555999
30620;Держатели в авто;7432141550969
A5601;Овощечистки;7432141556152
20723;Защитные стекла;7432141550977
30200;Масла;7432141550925
A8301;Наборы для специй;7432141556269
A4101;Лотки для приборов;7432141556113
A6301;Крышки;7432141556176
A1601;Эспандеры;7432141556014
A3001;Крючки настенные;7432141556071
27005;Термометры электронные;7432141550840
A2001;Прессы для чеснока;7432141556026
A5301;Термометры электронные;7432141556143
A1301;Диспенсеры кухонные;7432141556002
A1101;Скребки для стеклокерамики;7432141555996
A4201;Подставки для ножей;7432141556116
20621;Чехлы для телефонов;7432141550991
30630;Держатели в авто;7432141550995
A4401;Рыбочистки;7432141556128
A1401;Магнитные держатели;7432141556005
30201;Масла;7432141550927
A5501;Точилки для ножей;7432141556149
20503;Массажеры электрические;7432141550854
A8501;Скалки;7432141556275
A7701;Емкости для выпечки;7432141556239
20620;Чехлы для телефонов;7432141550989
A6101;Формы для мороженого;7432141556167
A7001;Овощерезки ручные;7432141556200
A5401;Формы для запекания;7432141556146
30203;Масла;7432141550931
A1901;Прессы для чеснока;7432141556023
A5101;Органайзеры для косметики;7432141556137
30610;Магнитные держатели;7432141550967
A5201;Термощупы;7432141556140
A8601;Емкости для масла и уксуса;7432141556278
28602;Ролики массажные;7432141550874
A7501;Емкости для выпечки;7432141556224
A6902;Шпатели кондитерские;7432141556197
20619;Чехлы для телефонов;7432141550987
A1801;Коврики спортивные;7432141556020
A7301;Венчики;7432141556215
20617;Чехлы для телефонов;7432141550983
A6901;Шпатели кондитерские;7432141556194
A4701;Органайзеры для хранения;7432141556290
A2903;Корзины для белья;7432141556068
A2301;Держатели кухонные;7432141556038
29300;Крючки настенные;7432141550897
A3501;Лотки для бумаг;7432141556092
A2902;Корзины для белья;7432141556065
29705;Вакуумные пакеты;7432141550910
A2901;Корзины для белья;7432141556062
A2801;Щетки для уборки;7432141556059
29704;Вакуумные пакеты;7432141550908
A3801;Приспособления для прочистки труб;7432141556101
A7201;Держатели кухонные;7432141556212
29706;Вакуумные пакеты;7432141550912
A2501;Карнизы для ванной;7432141556047
A2302;Держатели кухонные;7432141556041
A8401;Щетки для животных;7432141556272
H0072;Коврики спортивные;7432141556437
A7302;Венчики;7432141556221
2600008;Чехлы для наушников;7432141550780
H0071;Коврики спортивные;7432141556434
A1502;Магнитные держатели;7432141556011
G0102;Детские горшки;7432141556732
H0220;Колеса для йоги;7432141556521
A8203;Перчатки хозяйственные;7432141556266
A5901;Тендерайзеры;7432141556158
A1814;Коврики спортивные;7432141556419
A5902;Тендерайзеры;7432141556161
A4501;Мусорные ведра;7432141556131
H0077;Коврики спортивные;7432141556452
H0050;Коврики спортивные;7432141556401
H0074;Коврики спортивные;7432141556443
H0224;Колеса для йоги;7432141556533
A8201;Перчатки хозяйственные;7432141556260
H0223;Колеса для йоги;7432141556530
G0101;Детские горшки;7432141556729
G0092;Игрушки для ванной;7432141556714
A3201;Парфюм для дома;7432141556080
50512;Резинки;7432141557204
A5002;Щипцы кухонные;7432141556287
A1501;Магнитные держатели;7432141556008
A2101;Формочки кулинарные;7432141556029
G0240;Столы туристические;7432141556849
50030;Фонари спортивные;7432141557009
A3102;Парфюм для дома;7432141556077
50511;Резинки;7432141557201
H0075;Коврики спортивные;7432141556446
50031;Фонари спортивные;7432141557012
A7502;Емкости для выпечки;7432141556227
A8202;Перчатки хозяйственные;7432141556263
H0051;Коврики спортивные;7432141556404
A5801;Эспандеры;7432141556155
18705;Зарядные устройства;7432141550514
A1813;Коврики спортивные;7432141556416
A7503;Емкости для выпечки;7432141556230
H0076;Коврики спортивные;7432141556449
50300;Массажеры электрические;7432141557123
19204;Маски для сна;7432141550504
50520;Резинки;7432141557207
29606;Пакеты для вакууматора;7432141550906
G0155;Сумки строительные;7432141556777
27603;Воскоплавы;7432141550858
A3202;Парфюм для дома;7432141556083
A6801;Шпатели кондитерские;7432141556191
50362;Косметички;7432141557147
G0156;Сумки строительные;7432141556780
50510;Резинки;7432141557198
A2102;Формочки кулинарные;7432141556032
A1817;Коврики спортивные;7432141556428
H0073;Коврики спортивные;7432141556440
50221;Коврики детские;7432141557096
50360;Косметички;7432141557141
G0181;Щипцы кухонные;7432141556801
50220;Коврики детские;7432141557093
A1815;Коврики спортивные;7432141556422
50522;Резинки;7432141557213
A1811;Коврики спортивные;7432141556410
G0192;Фондю;7432141556810
G0291;Стулья туристические;7432141556894
H0070;Коврики спортивные;7432141556431
18704;Зарядные устройства;7432141550512
50521;Резинки;7432141557210
G0250;Фонари спортивные;7432141556852
A3101;Парфюм для дома;7432141556074
A1810;Коврики спортивные;7432141556407
G0232;Формы для льда;7432141556846
G0290;Стулья туристические;7432141556891
A1812;Коврики спортивные;7432141556413
A4001;Лотки для приборов;7432141556110
50361;Косметички;7432141557144
A1816;Коврики спортивные;7432141556425
19301;Инструменты для чистки лица;7432141556098
29605;Пакеты для вакууматора;7432141550904
29604;Пакеты для вакууматора;7432141550900
H0250;Колеса для йоги;7432141556536
G0191;Подставки кухонные;7432141556807
G0180;Щипцы кухонные;7432141556798
H0251;Колеса для йоги;7432141556539
H0221;Колеса для йоги;7432141556524
H0222;Колеса для йоги;7432141556527
G0194;Мусорные ведра;7432141556816
G0071;Резинки;7432141556687
G0132;Очки для компьютера;7432141556750
G0130;Очки для компьютера;7432141556744
G0074;Резинки;7432141556696
A4801;Органайзеры для хранения;7432141556293
G0131;Очки для компьютера;7432141556747
G0193;Мусорные ведра;7432141556813
G0161;Коврики для ванной;7432141556786
G0070;Резинки;7432141556684
G0152;Светильники;7432141556768
G0030;Ободки;7432141556633
G0037;Ободки;7432141556654
G0111;Пылесосы автомобильные;7432141556738
G0035;Ободки;7432141556648
A3301;Щетки для одежды;7432141556086
G0153;Светильники;7432141556771
G0053;Ободки;7432141556672
G0033;Ободки;7432141556642
G0151;Светильники;7432141556765
G0162;Коврики для ванной;7432141556789
G0052;Ободки;7432141556669
G0072;Резинки;7432141556690
G0032;Ободки;7432141556639
G0036;Ободки;7432141556651
G0034;Ободки;7432141556645
G0073;Резинки;7432141556693
G0061;Ободки;7432141556681
G0050;Ободки;7432141556663
G0031;Ободки;7432141556636
G0163;Коврики для ванной;7432141556792
G0051;Ободки;7432141556666
G0054;Ободки;7432141556675
G0160;Коврики для ванной;7432141556783
G0038;Ободки;7432141556657
G0039;Ободки;7432141556660
A3901;Корзины для белья;7432141556104
G0091;Резинки;7432141556711
G0142;Очки для компьютера;7432141556759
G0141;Очки для компьютера;7432141556756
G0140;Очки для компьютера;7432141556753
50440;Расчески;7432141557174
A7602;Формы для запекания;7432141556236
G0094;Игрушки для ванной;7432141556720
H0200;Блоки для йоги;7432141556518
A1872;Валики спортивные;7432141556476
50240;Защитные барьеры детские;7432141557102
G0262;Наколенники;7432141556861
50480;Манекены для наращивания ресниц;7432141557189
K0080;Кисти косметические;7432141558045
G0096;Игрушки для ванной;7432141556726
G0261;Наколенники;7432141556858
50241;Защитные барьеры детские;7432141557103
A1870;Валики спортивные;7432141556470
H0012;Коврики спортивные;7432141556386
50110;Мельницы;7432141557039
K0011;Кисти косметические;7432141558009
50530;Накладные ногти;7432141557216
50182;Губки для посуды;7432141557078
50181;Губки для посуды;7432141557075
H0144;Блоки для йоги;7432141556515
A2210;Чайники заварочные;7432141557408
50401;Скотч для наращивания ресниц;7432141557165
G0190;Подставки для ножей;7432141556804
H0014;Коврики спортивные;7432141556392
H0103;Блоки для йоги;7432141556488
H0142;Блоки для йоги;7432141556509
G0221;Кинезио тейпы косметические;7432141556837
50400;Скотч для наращивания ресниц;7432141557162
50090;Молочники;7432141557030
K0010;Кисти косметические;7432141558006
50570;Валики для ресниц;7432141557231
A1871;Валики спортивные;7432141556473
H0105;Блоки для йоги;7432141556494
50912;Защитные накладки для дома;7432141559024
50331;Терки;7432141557132
50922;Защитные накладки для дома;7432141559033
A2223;Кувшины;7432141557423
50550;Аппликаторы;7432141557225
K0051;Кисти косметические;7432141558027
50111;Мельницы;7432141557042
50350;Ланч-боксы;7432141557138
A4304;Емкости неполимерные;7432141557312
50040;Пемзы;7432141557015
50100;Мельницы;7432141557036
50911;Защитные накладки для дома;7432141559021
G0330;Седла велосипедные;7432141557609
K0001;Кисти косметические;7432141558000
27700;Подушки балансировочные;7432141550852
H0011;Коврики спортивные;7432141556383
H0013;Коврики спортивные;7432141556389
50490;Накладные ресницы;7432141557192
K0053;Кисти косметические;7432141558033
K0002;Кисти косметические;7432141558003
K0120;Кисти косметические;7432141558057
G0201;Кинезио тейпы;7432141556822
50920;Защитные накладки для дома;7432141559027
K0040;Кисти косметические;7432141558021
A4301;Емкости неполимерные;7432141556125
50020;Фонари спортивные;7432141557006
50001;Манекены для парикмахеров;7432141557003
K0071;Кисти косметические;7432141558042
H0106;Блоки для йоги;7432141556497
G0220;Кинезио тейпы косметические;7432141556834
G0300;Фонари велосипедные;7432141557600
G0430;Подушки на стул;7432141557681
H0016;Коврики спортивные;7432141556398
H0143;Блоки для йоги;7432141556512
50441;Расчески;7432141557177
G0320;Замки цепи;7432141557606
G0150;Коврики для сушки посуды;7432141556762
G0431;Подушки на стул;7432141557684
A3701;Инструменты для чистки лица;7432141556099
A1850;Валики спортивные;7432141556464
50180;Губки для посуды;7432141557072
A5502;Точилки для ножей;7432141556150
A4303;Емкости неполимерные;7432141556122
K0090;Кисти косметические;7432141558048
K0020;Кисти косметические;7432141558012
A4302;Емкости неполимерные;7432141556119
A2201;Чайники заварочные;7432141557300
H0102;Блоки для йоги;7432141556485
H0104;Блоки для йоги;7432141556491
H0107;Блоки для йоги;7432141556500
A1851;Валики спортивные;7432141556467
A7601;Формы для запекания;7432141556233
G0260;Наколенники;7432141556860
A2211;Чайники заварочные;7432141557405
G0400;Пояса для похудения;7432141557651
A2260;Подставки для подогрева;7432141557444
50130;Зажигалки электронные;7432141557045
H0015;Коврики спортивные;7432141556395
50280;Лупы настольные;7432141557117
50442;Расчески;7432141557180
K0021;Кисти косметические;7432141558015
A1840;Коврики спортивные;7432141556455
50560;Трафареты для макияжа;7432141557228
A2212;Чайники заварочные;7432141557411
50000;Манекены для парикмахеров;7432141557000
50390;Пинцеты;7432141557156
50070;Заглушки для розеток;7432141557024
K0052;Кисти косметические;7432141558030
50910;Защитные накладки для дома;7432141559018
50191;Сумки для ноутбуков;7432141557087
K0050;Кисти косметические;7432141558024
50420;Щетки косметические;7432141557168
K0060;Кисти косметические;7432141558036
K0100;Кисти косметические;7432141558051
50500;Зажимы для ресниц;7432141557195
50320;Коврики для выпечки;7432141557126
50580;Миксеры для косметики;7432141557237
H0140;Блоки для йоги;7432141556503
50921;Защитные накладки для дома;7432141559030
G0310;Фонари велосипедные;7432141557603
G0410;Пояса для похудения;7432141557666
K0030;Кисти косметические;7432141558018
H0101;Блоки для йоги;7432141556482
G0211;Кинезио тейпы косметические;7432141556831
50540;Накладные ногти;7432141557219
50332;Терки;7432141557135
G0093;Игрушки для ванной;7432141556717
G0210;Кинезио тейпы косметические;7432141556828
H0001;Коврики спортивные;7432141556377
A2250;Подставки для подогрева;7432141557441
50391;Пинцеты;7432141557159
50095;Капучинаторы;7432141557033
G0200;Кинезио тейпы;7432141556819
50590;Декор для маникюра;7432141557240
50200;Весы детские;7432141557090
G0282;Наколенники;7432141556882
50190;Сумки для ноутбуков;7432141557084
K0110;Кисти косметические;7432141558054
50470;Шкатулки;7432141557186
H0010;Коврики спортивные;7432141556380
H0100;Блоки для йоги;7432141556479
H0141;Блоки для йоги;7432141556506
50700;Дарсонваль;7432141557270
A1841;Коврики спортивные;7432141556458
G0202;Кинезио тейпы;7432141556825
G0095;Игрушки для ванной;7432141556723
50330;Терки;7432141557129
50571;Валики для ресниц;7432141557234
K0070;Кисти косметические;7432141558039
G0370;Корсеты ортопедические;7432141557633
50901;Защитные накладки для дома;7432141559015
50900;Защитные накладки для дома;7432141559012
50541;Накладные ногти;7432141557222
A1842;Коврики спортивные;7432141556461
G0270;Наколенники;7432141556864
50183;Губки меламиновые;7432141557081
A2002;Прессы для чеснока;7432141556024
50153;Полотенца банные;7432141557060
50152;Полотенца банные;7432141557057
50060;Термометры комнатные;7432141557021
50151;Полотенца банные;7432141557054
G0001;Крабы;7432141556600
G0014;Повязки для волос;7432141556615
D0010;Флоссеры;7432141559003
50170;Полотенца банные;7432141557064
D0020;Флоссеры;7432141559009
50271;Светильники;7432141557114
D0030;Воски для брекетов;7432141559042
D0001;Флоссеры;7432141559000
50150;Полотенца банные;7432141557051
50260;Светильники;7432141557108
G0016;Повязки для волос;7432141556621
G0019;Повязки для волос;7432141556630
G0015;Повязки для волос;7432141556618
50080;Машинки против катышек;7432141557027
G0110;Пылесосы автомобильные;7432141556735
D0032;Воски для брекетов;7432141559048
G0012;Повязки для волос;7432141556609
G0361;Салфетки для авто;7432141557621
G0018;Повязки для волос;7432141556627
G0010;Повязки для волос;7432141556603
G0362;Салфетки для авто;7432141557624
50270;Светильники;7432141557111
G0350;Губки для автомобиля;7432141557615
A7202;Держатели кухонные;7432141556213
D0033;Воски для брекетов;7432141559051
G0390;Подушки для ванны;7432141557648
G0013;Повязки для волос;7432141556612
D0031;Воски для брекетов;7432141559045
50250;Светильники;7432141557105
B0001;Косметические наборы для ухода;7432141559167
G0360;Салфетки для авто;7432141557618
G0340;Губки для автомобиля;7432141557612
50140;Пьезозажигалки;7432141557048
50050;Насадки для электрических зубных щеток;7432141557018
G0170;Ершики для унитаза;7432141556795
G0011;Повязки для волос;7432141556606
G0017;Повязки для волос;7432141556624
50171;Полотенца банные;7432141557067
G0420;Опрыскиватели;7432141557678
D0011;Флоссеры;7432141559006
50172;Полотенца банные;7432141557070
G0080;Резинки;7432141556699
50172;Повязки на голову;7432141557069
G0082;Резинки;7432141556705
G0060;Ободки;7432141556678
G0081;Резинки;7432141556702
50170;Повязки на голову;7432141557063
50171;Повязки на голову;7432141557066
Z0202;Бокалы;7432141559206
Z0210;Кубики для охлаждения;7432141559209
Z0070;Стаканы;7432141559139
19602;Эспандеры;7432141550580
18803;Переходники;7432141949958
50460;Шкатулки;7432141557183
Z0051;Кружки;7432141559130
Z0011;Кружки;7432141559106
19603;Эспандеры;7432141550584
Z0080;Стаканы;7432141559145
Z0061;Кружки;7432141559136
Z0050;Кружки;7432141559127
Z0071;Стаканы;7432141559142
Z0040;Кружки;7432141559121
Z0111;Кружки;7432141559163
Z0201;Бокалы;7432141559203
Z0030;Кружки;7432141559115
A5102;Органайзеры для косметики;7432141556138
Z0120;Кружки;7432141559166
28603;Ролики массажные;7432141550872
Z0200;Бокалы;7432141559200
Z0060;Кружки;7432141559133
A1202;Формы для льда;7432141555100
Z0091;Стаканы;7432141559151
Z0010;Кружки;7432141559103
Z0041;Кружки;7432141559124
Z0021;Кружки;7432141559112
18802;Переходники;7432141949957
Z0230;Кубики для охлаждения;7432141559215
19601;Эспандеры;7432141550582
19205;Маски для сна;7432141550506
Z0090;Стаканы;7432141559148
A1302;Диспенсеры кухонные;7432141556003
Z0031;Кружки;7432141559118
Z0100;Стаканы;7432141559154
Z0110;Кружки;7432141559160
Z0220;Кубики для охлаждения;7432141559212
Z0020;Кружки;7432141559109
A1102;Скребки для стеклокерамики;7432141555997
29708;Вакуумные пакеты;7432141550914
A2905;Корзины для белья;7432141556072
22702;Зубные щетки;7432141550766
A2904;Корзины для белья;7432141556069
Z0021;Кружки;7432141559113
Z0020;Кружки;7432141559110
Z0011;Кружки;7432141559107
Z0010;Кружки;7432141559104
Z0101;Стаканы;7432141559157
Z0001;Кружки;7432141559100
G0132;Очки для компьютера;7432141556745
G0147;Очки для компьютера;7432141559357
G0143;Очки для компьютера;7432141559345
J0040;Фруктовницы;7432141559378
J7432141559435;Скакалки;310
J0072;Фруктовницы;7432141559399
J0061;Фруктовницы;7432141559390
18310;Чехлы для наушников;7432141559300
J0030;Ножи кухонные;7432141559375
J0050;Фруктовницы;7432141559384
J0312;Скакалки;7432141559437
18312;Чехлы для наушников;7432141559306
J0041;Фруктовницы;7432141559381
J0070;Фруктовницы;7432141559393
26011;Чехлы для наушников;7432141559324
J0310;Скакалки;7432141559435
50531;Накладные ногти;7432141557218
J0020;Ножи кухонные;7432141559372
18314;Чехлы для наушников;7432141559312
26008;Чехлы для наушников;7432141559315
50531;Палитры для лаков;7432141557217
50365;Косметички;7432141559420
J0090;Подставки кухонные;7432141559405
J0060;Фруктовницы;7432141559387
18313;Чехлы для наушников;7432141559309
50366;Косметички;7432141559423
A8701;Емкости для масла и уксуса;7432141559408
J0080;Подставки кухонные;7432141559402
J0311;Скакалки;7432141559436
30509;Чехлы для наушников;7432141559336
50364;Косметички;7432141559417
J0300;Петли тренировочные;7432141559432
26010;Чехлы для наушников;7432141559321
A1403;Магнитные держатели;7432141556009
J0071;Фруктовницы;7432141559396
A1402;Магнитные держатели;7432141556006
29608;Пакеты для вакууматора;7432141559219
50363;Косметички;7432141559414
18311;Чехлы для наушников;7432141559303
30508;Чехлы для наушников;7432141559333
50368;Косметички;7432141559429
30510;Чехлы для наушников;7432141559339
30511;Чехлы для наушников;7432141559342
28501;Шаблоны для моделирования ногтей;7432141559411
29607;Пакеты для вакууматора;7432141559218
26009;Чехлы для наушников;7432141559318
J0010;Открывалки;7432141559369
30408;Чехлы для наушников;7432141559327
50367;Косметички;7432141559426
30409;Чехлы для наушников;7432141559330
50902;Защитные накладки для дома;7432141559360
29609;Пакеты для вакууматора;7432141559220
A3502;Органайзеры для хранения;7432141556093
A3502;Органайзеры для хранения;7432141556089
A3504;Органайзеры для хранения;7432141556096
G0193;Мусорные ведра;7432141556814
A3503;Органайзеры для хранения;7432141559456
J0001;Канцелярские наборы;7432141559363
G0194;Мусорные ведра;7432141556817
G0146;Очки для компьютера;7432141559354
50061;Термометры комнатные;7432141557022
A3505;Органайзеры для хранения;7432141556090
J0002;Канцелярские наборы;7432141559366
B0192;Резинки для рукоделия;7432141950129
B0021;Держатели кухонные;7432141950009
A1303;Диспенсеры кухонные;7432141950081
19607;Эспандеры;7432141950093
A6102;Формы для мороженого;7432141950042
B0091;Декор для маникюра;7432141950048
B0041;Держатели кухонные;7432141950021
B0031;Держатели кухонные;7432141950015
B0141;Диспенсеры кухонные;7432141950075
A2003;Прессы для чеснока;7432141950066
B0191;Резинки для рукоделия;7432141950126
B0231;Коврики для сушки посуды;7432141950060
19605;Эспандеры;7432141950087
19606;Эспандеры;7432141950090
B0131;Диспенсеры кухонные;7432141950072
B0071;Мешки кондитерские;7432141950030
B0022;Держатели кухонные;7432141950012
B0032;Держатели кухонные;7432141950018
19604;Эспандеры;7432141950084
B0081;Декор для маникюра;7432141950045
B0161;Подставки кухонные;7432141950114
B0121;Диспенсеры кухонные;7432141950069
B0232;Коврики для сушки посуды;7432141950063
B0142;Диспенсеры кухонные;7432141950078
50471;Шкатулки;7432141950108
28803;Ролики для пресса;7432141550878
J0101;Мельницы;7432141559407
A1203;Формы для льда;7432141556015
J0560;Подставки для специй;7432141559443
30001;Ланч-боксы;7432141550922
50351;Ланч-боксы;7432141557139
50356;Ланч-боксы;7432141557134
28604;Ролики массажные;7432141550860
50355;Ланч-боксы;7432141557133
J0540;Подставки для подогрева;7432141559439
A1874;Массажеры механические;7432141556480
G0195;Подставки для ножей;7432141950033
B0242;Держатели кухонные;7432141950003
19805;Спонжи;7432141949926
19811;Спонжи;7432141949935
50462;Шкатулки;7432141950105
A1873;Массажеры механические;7432141556478
A1205;Формы для льда;7432141950039
28609;Ролики массажные;7432141550862
J0110;Точилки для ножей;7432141559410
50357;Ланч-боксы;7432141557150
27902;Ложки кофейные;7432141550856
50352;Ланч-боксы;7432141557140
50472;Шкатулки;7432141950111
A1204;Формы для льда;7432141950036
50501;Зажимы для ресниц;7432141557196
50096;Капучинаторы;7432141557034
B0241;Держатели кухонные;7432141950000
J0120;Кисти для дизайна ногтей;7432141559409
27901;Ложки кофейные;7432141550868
J0313;Скакалки;7432141559440
B0011;Держатели кухонные;7432141950006
28605;Ролики массажные;7432141550866
J0590;Магнезия;7432141559446
J0314;Скакалки;7432141559441
J0580;Магнезия;7432141559445
J0100;Мельницы;7432141559406
19806;Спонжи;7432141949933
28802;Ролики для пресса;7432141550882
B0051;Держатели кухонные;7432141950024
J0520;Разделочные доски;7432141559452
50461;Шкатулки;7432141950102
50354;Ланч-боксы;7432141557137
19807;Спонжи;7432141550640
J0511;Разделочные доски;7432141559451
J0530;Разделочные доски;7432141559454
19804;Спонжи;7432141949919
J0510;Разделочные доски;7432141559450
J0400;Сортеры;7432141559438
19808;Спонжи;7432141949920
19810;Спонжи;7432141949934
J0521;Разделочные доски;7432141559453
J0531;Разделочные доски;7432141559455
50353;Ланч-боксы;7432141557136
19809;Спонжи;7432141949927
B0212;Корзинки;7432141950138
B0214;Корзинки;7432141950144
B0211;Корзинки;7432141950135
B0181;Органайзеры для хранения;7432141950120
B0221;Корзинки;7432141950150
B0215;Корзинки;7432141950147
B0182;Органайзеры для хранения;7432141950123
B0061;Держатели для ванной;7432141950027
D0031;Воски для брекетов;7432141559046
A4904;Органайзеры для сумки;7432141556299
B0201;Органайзеры для вышивки;7432141950132
J0500;Коврики для холодильника;7432141559448
B0111;Чехлы для одежды;7432141950054
B0101;Чехлы для одежды;7432141950051
B0171;Контейнеры из полимеров;7432141950117
J0501;Коврики для холодильника;7432141559449
D0032;Воски для брекетов;7432141559049
D0033;Воски для брекетов;7432141559052
A4903;Органайзеры для сумки;7432141556298
B0112;Чехлы для одежды;7432141950057
A4902;Органайзеры для сумки;7432141556297
D0030;Воски для брекетов;7432141559043
G0171;Ершики для унитаза;7432141556796
J0600;Коробки для хранения;7432141559447
J0550;Кольца для штор;7432141559442
50154;Полотенца банные;7432141950156
50155;Полотенца банные;7432141950159
A2502;Карнизы для ванной;7432141950168
50156;Полотенца банные;7432141950162
50157;Полотенца банные;7432141950165
B0152;Полки для ванной;7432141950099
B0213;Корзинки;7432141950141
50051;Насадки для зубных щеток;7432141950153
B0151;Полки для ванной;7432141950096
28606;Ролики массажные;7432141950200
28607;Ролики массажные;7432141550870
A1802;Коврики спортивные;7432141556021
J0502;Коврики для холодильника;7432141950210
J0503;Коврики для холодильника;7432141950211
J0002;Канцелярские наборы;2
287432141559411;Шаблоны для моделирования ногтей;501
G0370;Корсеты ортопедические;7432141557630
G0370;Корсеты ортопедические;7432141557627
G0370;Корсеты ортопедические;7432141557636
G0370;Корсеты ортопедические;7432141557639
G0282;Наколенники;7432141556879
G0270;Наколенники;7432141556870
G0282;Наколенники;7432141556876
G0270;Наколенники;7432141556867
G0260;Наколенники;7432141556855
G0270;Наколенники;7432141556873
G0260;Наколенники;7432141556863
J07432141559432;Петли тренировочные;300
G0410;Пояса для похудения;7432141557675
G0400;Пояса для похудения;7432141557657
G0410;Пояса для похудения;7432141557669
G0400;Пояса для похудения;7432141557654
G0410;Пояса для похудения;7432141557672
G0400;Пояса для похудения;7432141557660
G0400;Пояса для похудения;7432141557663
A87432141559408;Емкости для масла и уксуса;701
J0017432141559369;Открывалки;0
30511;Чехлы для наушников;11
18804;Переходники;7432141949959
X0001;Кинезио тейпы;7432141556829
27702;Подушки балансировочные;7432141550892
27710;Фитболы;7432141950310
27711;Фитболы;7432141950313
27730;Подушки балансировочные;7432141950361
20210;Инструменты для чистки ушей;7432141950329
16970;Наборы столовых приборов;7432141950364
27720;Эспандеры;7432141950320
27722;Эспандеры;7432141950326
B0153;Полки для ванной;7432141950352
27721;Эспандеры;7432141950323
16920;Ножи канцелярские;7432141950346
J0551;Кольца для штор;7432141559543
A3506;Лотки для бумаг;7432141950358
28804;Ролики для пресса;7432141550894
G0198;Сушилки для посуды;7432141950343
J0505;Коврики для холодильника;7432141950367
G0182;Мусорные ведра;7432141556818
G0197;Сушилки для посуды;7432141950340
16930;Разделители для ящиков;7432141950349
28609;Ролики массажные;7432141550810
286012;Ролики массажные;7432141550814
28608;Ролики массажные;7432141550864
16950;Подсвечники;7432141950355
50930;Пульверизаторы парикмахерские;7432141950373
50950;Ролики для душевой кабины;7432141950382
50951;Ролики для душевой кабины;7432141950385
50952;Ролики для душевой кабины;7432141950388
50953;Ролики для душевой кабины;7432141950391
50954;Ролики для душевой кабины;7432141950394
G0064;Ремни для сумок;7432141950433
50185;Губки хозяйственные;7432141950379
G0062;Ремни для сумок;7432141950427
G0063;Ремни для сумок;7432141950430
G0065;Ремни для сумок;7432141950436
286011;Ролики массажные;7432141550812
B0154;Обувницы;7432141950469
50097;Упаковщики вакуумные;7432141557035
50184;Губки для посуды;7432141557082
G0199;Держатели кухонные;7432141950341
22803;Чехлы для ноутбуков;7432141550772
G0196;Подставки для ножей;7432141950034
50955;Контейнеры из полимеров;7432141950412
50956;Контейнеры из полимеров;7432141950415
50957;Контейнеры из полимеров;7432141950418
B0172;Контейнеры из полимеров;7432141950461
B0173;Контейнеры из полимеров;7432141950464
B0174;Контейнеры из полимеров;7432141950467
D0050;Таблетницы;7432141950472
D0051;Таблетницы;7432141950475
D0052;Таблетницы;7432141950478
J0003;Бордюры для ванны;7432141950483
29310;Бигуди;7432141950528
29311;Бигуди;7432141950531
29312;Бигуди;7432141950534
29730;Свечи;7432141950546
50120;Поручни для ванной комнаты;7432141950555
50210;Аптечки;7432141950561
50230;Сахарницы;7432141950563
29710;Держатели для ванной;7432141950540
29711;Держатели для ванной;7432141950543
B0216;Корзинки;7432141950142
с20502;Массажеры электрические;7432141550853
BK0171;Контейнеры из полимеров;7432141950118
G0335;Органайзеры в багажник;7432141950549
22811;Визитницы;7432141950443
G0137;Футляры для очков;7432141950486
G0138;Футляры для очков;7432141950489
29722;Вешалки-плечики;7432141950516
G0355;Накладки на ремень безопасности;7432141950537
G0380;Пельменницы;7432141950552
50160;Ковши;7432141950558
G0040;Повязки на голову;7432141950572
50285;Зеркала косметические;7432141950581
50980;Мешки для стирки;7432141950603
A2004;Орехоколы;7432141950612
B0175;Держатели проводов;7432141950624
G0500;Поилки для животных;7432141950648
B0146;Мыльницы;7432141950651
50960;Дверные звонки;7432141950421
50961;Дверные звонки;7432141950424
22810;Визитницы;7432141950440
22812;Визитницы;7432141950446
22813;Визитницы;7432141950449
22814;Визитницы;7432141950452
G0139;Футляры для очков;7432141950492
B0250;Держатели кухонные;7432141950495
G0121;Круги полировальные;7432141950501
G0123;Круги полировальные;7432141950507
29720;Вешалки-плечики;7432141950510
29724;Вешалки-плечики;7432141950522
G0345;Пленки защитные;7432141950525
50290;Подносы;7432141950566
G0041;Повязки на голову;7432141950575
G0042;Повязки на голову;7432141950578
B0252;Вешалки на дверь;7432141950584
50970;Наклейки интерьерные;7432141950600
28810;Лямки спортивные;7432141950606
J0005;Магнитный винил;7432141950618
G0109;Вешалки автомобильные;7432141950621
B0150;Держатели для ванной;7432141950627
B0155;Этажерки;7432141950630
B0170;Органайзеры для косметики;7432141950633
50333;Органайзеры настенные;7432141950636
B0149;Дозаторы для ванной;7432141950655
50342;Ланч-боксы;7432141950656
B0157;Полки для ванной;7432141950658
B0156;Полки для ванной;7432141950660
A2910;Органайзеры для хранения;7432141950681
G0120;Круги полировальные;7432141950498
G0122;Круги полировальные;7432141950504
G0124;Круги полировальные;7432141950509
29721;Вешалки-плечики;7432141950513
29723;Вешалки-плечики;7432141950519
B0251;Держатели для ванной;7432141950587
B0260;Дозаторы для ванной;7432141950590
G0125;Футляры для очков;7432141950592
G0126;Футляры для очков;7432141950595
G0127;Футляры для очков;7432141950597
G0128;Футляры для очков;7432141950599
28812;Напульсники;7432141950609
J0004;Магнитный винил;7432141950615
G0113;Другие автоаксессуары;7432141950642
G0114;Другие автоаксессуары;7432141950645
50340;Ланч-боксы;7432141950650
50341;Ланч-боксы;7432141950653
B0147;Дозаторы для ванной;7432141950654
B0148;Полки для ванной;7432141950657
50343;Ланч-боксы;7432141950659
A2501BT;Карнизы для ванной;4606493593362
G0600;Москитные сетки;7432141950700
G0601;Москитные сетки;7432141950701
G0610;Системы полива;7432141950703
G0670;Насосы велосипедные;7432141950719
G0680;Корзины для велосипеда;7432141950721
G0652;Тапенеры;7432141950723
G0655;Велокомпьютеры;7432141950726
G0241;Столы туристические;7432141950732
G0630;Светильники уличные;7432141950709
G0640;Гамаки;7432141950729
G0632;Светильники уличные;7432141950713
G0660;Коврики пляжные;7432141950716
G0650;Заборчики садовые;7432141950735
G0274;Наколенники;7432141556874
50532;Накладные ногти;7432141557215
G0274;Наколенники;7432141556871
G0274;Наколенники;7432141556872
50533;Накладные ногти;7432141557220
D0060;Межзубные ершики;7432141950569
G0164;Коврики для ванной;4601024336050
Z0400;Вазы;4601497102794
J0006;Бордюры для ванны;7432141950484
J0561;Органайзеры для косметики;7432141950760
50301;Массажеры электрические;7432141557124
16952;Подсвечники;7432141950357
J0073;Подставки канцелярские;4600434586475
50710;Отпугиватели животных и насекомых;4601389226515
50711;Отпугиватели животных и насекомых;4601431742987
16951;Подсвечники;7432141950356
25020;Мультиварки;4601863360711
A4503;Корзины для игрушек;4605337171575
B0218;Корзинки;7432141950753
J0074;Фруктовницы;4600436646801
A1602;Тренажеры;4604477085339
A4502;Корзины для игрушек;4605206499052
A4504;Корзины для игрушек;4605578820935
A1206;Сушилки для посуды;4607466980769
B0199;Браслеты;4607862756814
28620;Ролики массажные;7432141950740
28621;Ролики массажные;7432141950743
28622;Ролики массажные;7432141950746
B0217;Корзинки;7432141950750
A4505;Корзины для игрушек;4605895125584
16980;Кружки;4602575576483
B0196;Декор для маникюра;4602713794250
A3204;Искусственные растения;4604139401644
A3205;Искусственные растения;4604246228059
A3206;Искусственные растения;4604359565874
16981;Кружки;4604848566405
A4506;Корзины для игрушек;4606303091927
A8712;Сито;4607336333725
A3207;Искусственные растения;4607350111347
G0501;Игрушки для животных;4615002365871
17010;Маркеры;4616138630819
17011;Маркеры;4616255703915
17013;Маркеры;4616390676167
17032;Пеналы;4616954876361
17033;Пеналы;4617280602273
17000;Ежедневники;4617415856885
17012;Маркеры;4618132851566
17001;Ежедневники;4618297936184
17002;Ежедневники;4618625237211
17003;Ежедневники;4618863599775
A1604;Эспандеры;4618913835556
20220;Отвертки;4625975037729
27740;Упоры для отжиманий;4626674672297
50344;Ланч-боксы;4646824835341
G0133;Футляры для очков;7432141950400
G0134;Футляры для очков;7432141950403
G0135;Футляры для очков;7432141950406
G0136;Футляры для очков;7432141950409
G0112;Другие автоаксессуары;7432141950639
G0633;Ночники;4619358733636
Z0401;Вазы;4601663851785
G0656;Стилусы;4615633853952
G0148;Очки спортивные;4616087485720
50121;Поручни для ванной комнаты;4619241945726
B0194;Мозаики;4602363766843
30640;Держатели в авто;4612601803216
G0165;Коврики для ванной;4626502564145
27741;Обручи;4626948863161
G0620;Велокресла;7432141950706
B0176;Контейнеры из полимеров;4615443756467
B0177;Контейнеры из полимеров;4615695477837
50369;Органайзеры для хранения;7432141950763
B0195;Наборы для поделок;4602661543665
G0634;Светильники;4626113085169
G0635;Светильники;4626182794320
J0700;Обувницы;7432141950672
25010;Аппараты для маникюра и педикюра;4601774290336
B0197;Бисер;4606527668721
18710;Микрофоны;4606625242861
18711;Микрофоны;4606743720524
A1603;Эспандеры;4607880295029
17015;Подставки канцелярские;4618924943325
17016;Подставки канцелярские;4618953042617
B0193;Бисер;4602118119863
50720;Массажеры электрические;4631949214416
Z0500;Декантеры;4602723427780
A8710;Диспенсеры кухонные;4606959288627
A8711;Диспенсеры кухонные;4607200803620
G0381;Контейнеры из полимеров;4607673955383
B0162;Стаканы для зубных щеток;4629477568569
B0163;Стаканы для зубных щеток;4629562858100
G0157;Фартуки кухонные;4633372116916
50373;Косметички;4633931640814
50374;Косметички;4633942629150
17030;Пеналы;4616666204018
17031;Пеналы;4616896210162
A4507;Органайзеры на коляску;4629850293316
D0070;Межзубные ершики;4630751193773
G0158;Фартуки кухонные;4633397889963
50294;Дуршлаги;4633527925165
50973;Наклейки интерьерные;4634261380913
29316;Бигуди;4635245962033
B0203;Аксессуары для рукоделия;4638147533226
50974;Наклейки интерьерные;4634285147547
B0198;Наборы для рисования;4606586946792
B0200;Наборы для лепки;4607670222686
B0072;Наборы для декорирования десертов;4628335838967
50446;Ножницы парикмахерские;4630260721030
27752;Утяжелители;4631857123107
17004;Органайзеры для сменных блоков;4632140552994
17005;Органайзеры для сменных блоков;4632422614891
17006;Органайзеры для сменных блоков;4632503524019
17007;Органайзеры для сменных блоков;4632590578704
50450;Расчески;4632916668393
25100;Спицы для вязания;4633449092785
50972;Наклейки интерьерные;4634034915991
29313;Бигуди;4634581749315
29314;Бигуди;4635186588477
29315;Бигуди;4635237443540
29317;Бигуди;4635458251849
G0083;Резинки;4635502065286
G0084;Резинки;4635563880996
G0085;Резинки;4636368773414
22401;Маникюрные наборы;4637048483142
A1605;Эспандеры;4637124568442
A5602;Овощечистки;4637990210230
B0202;Аксессуары для рукоделия;4638146663436
50958;Насадки на кран;4638211101450
16932;Держатели кухонные;4638730558797
B0204;Бусины;4639128296420
B0205;Бусины;4639156422877
B0206;Бусины;4639476483084
50971;Наклейки интерьерные;4633979640883
50447;Расчески;4632633004696
16931;Держатели кухонные;4638626378577
A8402;Ролики для одежды;4642240286507
50448;Расчески;4632683567806
50449;Расчески;4632898659020
A1608;Эспандеры;4637705499424
27903;Штопоры;4638418502944
B0159;Дозаторы для ванной;4638811934403
B0208;Бусины;4639565078436
G0502;Расчески для животных;4643457758627
B0160;Дозаторы для ванной;4639060032902
A8302;Наборы для специй;4618975770888
A1606;Эспандеры;4637134489706
A1609;Эспандеры;4637878956359
A1610;Эспандеры;4637887557387
B0207;Бусины;4639493396923
A1607;Эспандеры;4637549358345
27750;Утяжелители;4631432738252
27751;Утяжелители;4631688950781
50962;Контейнеры из полимеров;4638228580804
50964;Контейнеры из полимеров;4638384196352
G0129;Круги полировальные;4640769213523
B0183;Мусорные ведра;4642534282956
J0021;Ножи для фигурной резки;4642588206427
J0401;Головоломки;4630470223805
50963;Контейнеры из полимеров;4638347947854
G0066;Ремни;4644410391875
G0068;Ремни;4644614491142
17008;Flash-накопители;4647292705501
50443;Расчески;4628004060781
50291;Менажницы;4628439428132
G0336;Органайзеры в багажник;4638525126262
B0222;Полки для ванной;4630612588472
G0069;Ремни;4645471315596
Z0501;Графины;4630112870930
50186;Губки для посуды;4628049688759
A5402;Хлебницы;4628274247226
B0158;Держатели кухонные;4628291484123
50444;Расчески;4628022980818
G0067;Ремни;4644418291597
G0413;Пояса для похудения;4683663822330
B0233;Плейсматы;4629353837857
B0179;Держатели проводов;4640365776446
50445;Расчески;4628046655358
G0503;Игрушки для животных;4645326115852
G0504;Игрушки для животных;4645463713485
G0505;Игрушки для животных;4647533992240
B0180;Держатели проводов;4640686668949
A2261;Чайники заварочные;4636831789003
A5103;Держатели для украшений;4647051555576
G0636;Фонари спортивные;4647277236624
50473;Подносы;4636724479905
50474;Подносы;4636791171689
50187;Щетки для стекол;4645780866079
50188;Щетки для стекол;4645837077106
18907;Штативы для съемки;4646048882305
19302;Бритвы электрические;4646284158530
19303;Сушки для обуви;4647611959608
17009;Папки-сумки;4647842467538
G0115;Защита сидений;4647904790840
D0053;Таблетницы;4648324960318
29102;Мочалки;4649244078480
29103;Мочалки;4649564280549
Z0247;Рюмки;4652433706750
G0069;Ремни;4644647421062
A5104;Держатели для украшений;4647102669733
22902;Фотоальбомы;4654553548203
G0511;Клетки для животных;4652821948588
Z0241;Рюмки;4651762566004
Z0246;Рюмки;4652210873651
G0510;Клетки для животных;4652802454770
Z0244;Рюмки;4651867882221
A6704;Бутылки для воды;4648640456878
Z0240;Рюмки;4650817354351
A3507;Папки канцелярские;4644739127926
Z0243;Рюмки;4651837892731
30003;Термосы;4653807027136
30004;Термосы;4653846809038
B0178;Держатели проводов;4640282409694
A3508;Папки канцелярские;4645049267654
50451;Бритвы опасные;4646526589535
A6702;Бутылки для воды;4648546145173
A6703;Бутылки для воды;4648611168823
G0283;Наколенники;4648957260304
Z0242;Рюмки;4651812579251
Z0245;Рюмки;4652126684235
A4500;Защитные барьеры детские;4653172774925
30005;Термосы;4654274062798
B0300;Держатели кухонные;4654525177929
30002;Термосы;4653415372116
G0283;Наколенники;4648877486747
G0283;Наколенники;4648894810020
50292;Сушилки для посуды;4628541152536
22403;Кусачки маникюрные;4656460603419
51001;Зеркала косметические;4656934465666
29726;Вешалки-плечики;4658306818827
G0638;Ночники;4656689683971
50293;Сушилки для посуды;4628881888164
J0200;Ножи кухонные;4653135002843
22402;Кусачки маникюрные;4649982919847
A2103;Насадки для фенов;4656792786361
G0910;Очки для плавания;4656620320842
22816;Обложки;4643732501221
22818;Обложки;4644081860182
A4906;Переноски для животных;4644193388116
51000;Зеркала косметические;4653292333910
B0270;Шланги для душа;4655511175745
B0271;Шланги для душа;4656436888376
G0521;Игрушки для животных;4657832618550
G0301;Фонарики бытовые;4658003102335
29725;Вешалки-плечики;4658148574035
29727;Вешалки-плечики;4658360283739
G0520;Игрушки для животных;4658804802588
A4905;Переноски для животных;4673005180273
22817;Обложки;4644078590238
G0900;Маски спортивные;4649586847874
G0706;Ошейники;4654957036634
G0242;Чехлы для садовой мебели;4660236398225
G0700;Ошейники;4654632683702
G0700;Ошейники;4654570234196
G0706;Ошейники;4654990326389
A8303;Наборы для специй;4647282269839
G0901;Маски спортивные;4649603471648
G0902;Маски спортивные;4649729811397
G0286;Нарукавники;4652634275123
G0341;Наборы автомобилиста;4652696068848
G0287;Перчатки спортивные;4653042304535
G0288;Перчатки спортивные;4653062765750
G0703;Ошейники;4654806520703
22905;Декор для маникюра;4656814339681
50981;Прищепки;4657872414792
20222;Краски для автомобиля;4657914399148
G0615;Коврики придверные;4659071278397
G0709;Ошейники;4655042967628
G0706;Ошейники;4654887610744
G0616;Коврики придверные;4659295292278
G0617;Коврики придверные;4659321061786
G0700;Ошейники;4654613663099
G0703;Ошейники;4654649179960
G0703;Ошейники;4654762199616
G0709;Ошейники;4655387531096
D0055;Контейнеры для линз;4658823775139
D0056;Контейнеры для линз;4658833786668
D0057;Контейнеры для линз;4658923674882
50371;Косметички;4626483454619
B1001;Головоломки;4656930550328
G0432;Чехлы для мебели;4664042413936
50370;Косметички;4626372705167
B1002;Головоломки;4657118495776
22903;Фотоальбомы;4662038406962
50372;Косметички;4672624409857
B0164;Полки для ванной;4664704067644
B0120;Сборные модели;4647551663085
B0122;Сборные модели;4647569428874
G0433;Чехлы для мебели;4664074815135
G0434;Чехлы для мебели;4664153564732
G0641;Ночники;4664526905100
G0800;Шнурки для кулонов;4655849865141
27701;Подушки балансировочные;7432141550855
G0800;Шнурки для кулонов;4655750572909
G0800;Шнурки для кулонов;4655752763770
G0709;Ошейники;4655490040669
G0800;Шнурки для кулонов;4655587563330
G0800;Шнурки для кулонов;4655637993650
G0800;Шнурки для кулонов;4656268479094
50975;Наклейки интерьерные;4673131423961
50976;Наклейки интерьерные;4673660046877
G0800;Шнурки для кулонов;4655529556437
G0337;Органайзеры на сиденья;4662413729051
50456;Расчески;4673641281402
G0951;Подушки автомобильные;4659632833263
J0007;Плитка зеркальная;4664807383498
50457;Расчески;4673613441636
G0950;Подушки автомобильные;4659437081876
G0636;Фонари спортивные;4674582725086
G0800;Шнурки для кулонов;4655854909717
